Currstock|ProductID|SubDepartmentID|SellingPrice|VatCode|Description|AltDescription|PackSize|CurrentStock|MinimumStock|LabelType|StockOnOrder|PosTextl|ShelfLableText|DiscountGroup|DiscountAmount|DiscountPercent|Price2|Price3|Price4|Bomm|UofMQty|Unit|AvgCost|DepartmentID|LinkNumber|Weight|SoldInCases|ProductType|SeasonId|RoundingMethod|Inactive|ContentsQty|UnitOfMeasure|UnitOfMeasurePPU|InheritOrderParams|IdealStock|CoverDays|UseTargetMargin|WeightItem|ProdNo|SoFormula|Deleted|CourseID|Purpose|DiaWeight|LabelCount|UsePIDTargetMargin|PIDTargetMargin|BOMType|BOMShowOnReceipt|BOMUseCostPrice|BOMProduction|KPInheritFromSubDep|NotForSale|Price5|Price6|StockUnitID|StockUOM|BaseUnitID|BasePrice|ProductCat|PackUOM|PackUnitID|CompUOM|CompUnitID|IngredientPID|BOMForecast|MaxiPrice|DepositPID|NoStock|ExternalType|ExternalCode|IsSecondaryVAT|DepositPID2|ProductCat2|PrimaryVATText|SecondaryVATText|BOSubDepartmentSubDepartmentID|BOSubDepartmentDepartmentID|BOSubDepartmentDescription|BOSubDepartmentVatCode|BOSubDepartmentTargetMargin|BOSubDepartmentIdealStock|BOSubDepartmentMinimumStock|BOSubDepartmentSOFormula|BOSubDepartmentCoverDays|BOSubDepartmentTargetGoodWastagePct|BOSubDepartmentIGCode_Default|BOSubDepartmentMinVisStock|BOSubDepartmentAge|BOSubDepartmentLocalItemsAllow|BODepartmentDepartmentID|BODepartmentDescription|BODepartmentIGCode_Default|BOVatRatesVatCode|BOVatRatesVatRate|BOBarCodeBarCode|BOProductSumOnOrder|BOProductSumSalesLastWeek|BOProductSumSalesYTD|BOProductSumSalesAVG|BOProductSumSellingPrice|BOProductSumCaseQty|BOProductSumCaseCostPrice|BOProductSumMaxPrice|ProductCategoryNumber|ProductCategorysValue1|UnitConvertFromUnitID|UnitConvertToUnitID|UnitConvertFactor|UnitConvertDeleted|UnitConvertLastChanged|UnitConvertUserID|BOProductAVGCostCalculatedAvgCost|BOProductAVGCostAvgCost|BOProductAVGCostLatestCost|BOVatRatesVatCode|BOVatRatesVatRate|BOVatRatesText|BOSupplierProductSupplierID|BOSupplierProductPrimarySupplier|BOSupplierProductSupplierProductID|BOSupplierProductCaseQuantity|BOSupplierProductRecRetailPrice|BOSupplierProductMaxOrderQty|BOSupplierProductMinOrderQty|BOSupplierProductSplitCaseOrder|BOSupplierProductCaseCostPrice|BOSupplierProductWHCaseQty|BOSupplierProductCaseCostPrice2|BOSupplierProductOrderUOM|BOSupplierProductOrderUnitID|BOSupplierProductOrderPack|BOSupplierProductUseStockUnitInGR|BOSupplierProductStockUnitCost|BOSupplierProductCurrCaseCostPrice|BOSupplierProductBaseUnitCost|BOSupplierProductDepositValue|BOSupplierSupplierID|BOSupplierSupplierName|BOSupplierDeleted|BOSupplierCostPricesSupplierID|BOSupplierCostPricesProductID|BOSupplierCostPricesStoreID|BOSupplierCostPricesCaseCostPrice|BOSupplierCostPricesCaseQty|UnitConvert2FromUnitID|UnitConvert2ToUnitID|UnitConvert2Factor|UnitConvert3FromUnitID|UnitConvert3ToUnitID|UnitConvert3Factor|BOProductCategoryText|BOProductCategory2Value|BOProductCategory2Text|UnitCost|Barcode|TargetMargin|BOStockSUMCalculatedCurrStock
0|C00000000009789|502505|4.19|1|Inno Super Smoothie Recharge 30cl|Inno Super Smoothie Recharge 30cl||0|0|M|0|null|Inno Super Smoothie Recharge 30cl|0|0.0|0|0.0|0.0|0.0| |1|EACH|null|5025|0|0.0|false|   |null|0|false|0|||false|0|0|false|false|null|1|false|0||0.0|1|true|0|0|0|0.0|0|true|false|0.0|0.0|EACH|1|EACH|3.69|3206|1||1||false|false|4.19|C0000000979|false|0||false|null|null|null|null|502505|5025|Juices|1|0|0|0|1|0|null|13|0|0|false|5025|Non Alcoholic Beverages|13|1|9||0|0|0|0.0|0.0|1|0.0|0.0|3206|SNACKS L|EACH|EACH|1|false|2019-10-30 22:02:09.913|ADMIN|0.0|null|null|1|9|9% (1)|C000000016|false|390291|8|0.0|0|0|false|14.82|8|0.0|1|EACH||false|1.8525|14.82|1.8525|0|C000000016|Lekkerland Versdienst|false||||||EACH|EACH|1|EACH|EACH|1||null||0.0||0|0
0|C00000000010060|502704|3.25|1|B&J Strawberry Cheesecake 100ml|B&J Strawberry Cheesecake 100ml|null|null|null|M|null|null|B&J Strawberry Cheesecake 100ml|null|null|null|null|null|null|null|1|PIECE|null|5027|null|null|false|null|null|null|false|null|null|null|false|null|null|false|false|null|1|false|0|null|null|1|true|null|0|0|0.0|0|true|false|0.0|0.0|PIECE|1|PIECE|0.0|3206|1||1||false|false|2.95|null|false|0|null|false|null|null|null|null|502704|5027|Ice Cream|1|0|0|0|1|0|null|13|0|0|false|5027|Snacks|13|1|9||0|0|0|0.0|0.0|1|0.0|0.0|3206|SNACKS L|||||||0.0|null|null|1|9|9% (1)|C000000016|false|323446|12|0.0|0|0|false|19.73|12|0.0|1|EACH||false|1.6441666666666668|19.73|1.6441666666666668|null|C000000016|Lekkerland Versdienst|false|||||||||||||null||0.0||0|0
0|C00000000010109|501203|2.3|1|-D2Gb&D2Gs Kb Natuurrundcroque|-D2Gb&D2Gs Kb Natuurrundcroque|null|null|null|M|null|null|D2Gs Kb Nrcroqt Fr|null|null|null|null|null|null|null|1|EACH|null|5012|null|null|false|null|null|null|false|null|null|null|false|null|null|false|false|null|1|false|0|null|null|1|true|null|0|0|0.0|0|true|false|0.0|0.0|EACH|1|EACH|0.0|3306|1||1||false|false|2.0|null|false|0|null|false|null|null|null|null|501203|5012|Other Food Service|1|0|0|0|1|0|null|13|0|0|false|5012|Food Service|13|1|9||0|0|0|0.0|0.0|1|0.0|0.0|3306|KRUIDENIERSWAREN L|EACH|EACH|1|false|2019-10-30 22:02:09.913|ADMIN|0.0|null|null|1|9|9% (1)|C000000016|true|369535|32|0.0|0|0|false|20.99|32|0.0|1|EACH||false|0.6559375|20.99|0.6559375|null|C000000016|Lekkerland Versdienst|false||||||EACH|EACH|1|EACH|EACH|1||null||0.0||0|0
0|C0000000048|502901|2.49|1|Ca Vifit Sinaasappel Pk 50cl|Ca Vifit Sinaasappel Pk 50cl||0|0|M|0|null|Ca Vifit Sinaasappel Pk 50cl|0|0.0|0|0.0|0.0|0.0| |1|EACH|0.0|5029|0|0.0|false|   |null|0|false|0|||true|0|0|false|false|0|1|false|0||0.0|1|true|0|0|0|0.0|0|false|false|0.0|0.0|EACH|1|EACH|0.0|6006|1||1||false|false|2.49||false|0||false|null|null|null|null|502901|5029|Dairy|1|0|0|0|1|0|null|13|0|0|false|5029|Perishables|13|1|9||0|0|0|0.0|0.0|1|0.0|0.0|6006|SPECIALITEITEN L|EACH|EACH|1|false|2019-10-30 22:02:09.913|ADMIN|0.0|null|null|1|9|9% (1)|C000000016|false|307262|6|0.0|0|0|false|6.5|6|0.0|1|EACH||false|1.0833333333333333|6.5|1.0833333333333333|null|C000000016|Lekkerland Versdienst|false||||||EACH|EACH|1|EACH|EACH|1||null||0.0||0|0
0|C0000000067|502901|1.99|1|Melkunie Breaker Aardbei 200g|Melkunie Breaker Aardbei 200g||0|0|M|0|null|Melkunie Breaker Aardbei 200g|0|0.0|0|0.0|0.0|0.0| |1|EACH|0.0|5029|0|0.0|false|   |null|0|false|0|||true|0|0|false|false|0|1|false|0||0.0|1|true|0|0|0|0.0|0|false|false|0.0|0.0|EACH|1|EACH|0.0|6006|1||1||false|false|1.99||false|0||false|null|null|null|null|502901|5029|Dairy|1|0|0|0|1|0|null|13|0|0|false|5029|Perishables|13|1|9||0|0|0|0.0|0.0|1|0.0|0.0|6006|SPECIALITEITEN L|EACH|EACH|1|false|2019-10-30 22:02:09.913|ADMIN|0.0|null|null|1|9|9% (1)|C000000016|false|302449|6|0.0|0|0|false|5.21|6|0.0|1|EACH||false|0.8683333333333333|5.21|0.8683333333333333|null|C000000016|Lekkerland Versdienst|false||||||EACH|EACH|1|EACH|EACH|1||null||0.0||0|0
0|C0000000100|502801|3.4|1|Mora Broodje Kroketburger 150g|Mora Broodje Kroketburger 150g||0|0|M|0|null|Mora Broodje Kroketburger 150g|0|0.0|0|0.0|0.0|0.0| |1|EACH|0.0|5028|0|0.0|false|   |null|0|false|0|||true|0|0|false|false|0|1|false|0||0.0|1|true|0|0|0|0.0|0|false|false|0.0|0.0|EACH|1|EACH|0.0|6006|1||1||false|false|3.4||false|0||false|null|null|null|null|502801|5028|Frozen Food|1|0|0|0|1|0|null|13|0|0|false|5028|Groceries|13|1|9||0|0|0|0.0|0.0|1|0.0|0.0|6006|SPECIALITEITEN L|EACH|EACH|1|false|2019-10-30 22:02:09.913|ADMIN|0.0|null|null|1|9|9% (1)|C000000016|false|333093d|10|0.0|0|0|false|16.79|10|0.0|1|EACH||false|1.6789999999999998|16.79|1.6789999999999998|null|C000000016|Lekkerland Versdienst|false||||||EACH|EACH|1|EACH|EACH|1||null||0.0||0|0
0|C0000000108|502901|2.49|1|Ca Vifit Perzik Pk 50cl|Ca Vifit Perzik Pk 50cl||0|0|M|0|null|Ca Vifit Perzik Pk 50cl|0|0.0|0|0.0|0.0|0.0| |1|EACH|0.0|5029|0|0.0|false|   |null|0|false|0|||true|0|0|false|false|0|1|false|0||0.0|1|true|0|0|0|0.0|0|false|false|0.0|0.0|EACH|1|EACH|0.0|6006|1||1||false|false|2.49||false|0||false|null|null|null|null|502901|5029|Dairy|1|0|0|0|1|0|null|13|0|0|false|5029|Perishables|13|1|9||0|0|0|0.0|0.0|1|0.0|0.0|6006|SPECIALITEITEN L|EACH|EACH|1|false|2019-10-30 22:02:09.913|ADMIN|0.0|null|null|1|9|9% (1)|C000000016|false|302295|6|0.0|0|0|false|6.5|6|0.0|1|EACH||false|1.0833333333333333|6.5|1.0833333333333333|null|C000000016|Lekkerland Versdienst|false||||||EACH|EACH|1|EACH|EACH|1||null||0.0||0|0
0|C0000000133|502901|3.29|1|Ca Volle Melk McPk 1l|Ca Volle Melk McPk 1l||0|0|M|0|null|Ca Volle Melk McPk 1l|0|0.0|0|0.0|0.0|0.0| |1|EACH|0.0|5029|0|0.0|false|   |null|0|false|0|||true|0|0|false|false|0|1|false|0||0.0|1|true|0|0|0|0.0|0|false|false|0.0|0.0|EACH|1|EACH|0.0|3306|1||1||false|false|3.29||false|0||false|null|null|null|null|502901|5029|Dairy|1|0|0|0|1|0|null|13|0|0|false|5029|Perishables|13|1|9||0|0|0|0.0|0.0|1|0.0|0.0|3306|KRUIDENIERSWAREN L|EACH|EACH|1|false|2019-10-30 22:02:09.913|ADMIN|0.0|null|null|1|9|9% (1)|C000000016|false|315419|1|0.0|0|0|false|1.37|1|0.0|1|EACH||false|1.37|1.37|1.37|null|C000000016|Lekkerland Versdienst|false||||||EACH|EACH|1|EACH|EACH|1||null||0.0||0|0
0|C0000000157|502704|1.0|1|Ola Festini Peer 5cl|Ola Festini Peer 5cl||0|0|M|0|null|Ola Festini Peer 5cl|0|0.0|0|0.0|0.0|0.0| |1|EACH|0.0|5027|0|0.0|false|   |null|0|false|0|||true|0|0|false|false|0|1|false|0||0.0|1|true|0|0|0|0.0|0|false|false|0.0|0.0|EACH|1|EACH|1.0|6006|1||1||false|false|1.0||false|0||false|null|null|null|null|502704|5027|Ice Cream|1|0|0|0|1|0|null|13|0|0|false|5027|Snacks|13|1|9||0|0|0|0.0|0.0|1|0.0|0.0|6006|SPECIALITEITEN L|EACH|EACH|1|false|2019-10-30 22:02:09.913|ADMIN|0.0|null|null|1|9|9% (1)|C000000016|false|302678|45|0.0|0|0|false|15.54|45|0.0|1|EACH||false|0.3453333333333333|15.54|0.3453333333333333|null|C000000016|Lekkerland Versdienst|false||||||EACH|EACH|1|EACH|EACH|1||null||0.0||0|0
0|C0000000170|705700|2.75|1|-D2Gb&DbS&SCb SB Rundersaucijz|-D2Gb&DbS&SCb SB Rundersaucijz||0|0|M|0|null|PP Saucijzenbroodje|0|0.0|0|0.0|0.0|0.0| |1|EACH|0.0|5012|0|0.0|false|   |null|0|false|0|||true|0|0|false|false|0|1|false|0||0.0|1|true|0|0|0|0.0|0|false|false|0.0|0.0|EACH|1|EACH|2.75|3206|1||1||false|false|2.75||false|0||false|null|null|null|null|705700|5012|National Fast Food Products|1|0|0|0|1|0|0|13|0|0|false|5012|Food Service|13|1|9||0|0|0|0.0|0.0|1|0.0|0.0|3206|SNACKS L|EACH|EACH|1|false|2019-10-30 22:02:09.913|ADMIN|0.0|null|null|1|9|9% (1)|C000000016|false|344834|60|0.0|0|0|false|42.74|60|0.0|1|EACH||false|0.7123333333333334|42.74|0.7123333333333334|null|C000000016|Lekkerland Versdienst|false||||||EACH|EACH|1|EACH|EACH|1||null||0.0||0|0
0|C0000000190|502905|1.8|1|FP Snoep Worteltjes 120g|FP Snoep Worteltjes 120g||0|0|M|0|null|FP Snoep Worteltjes 120g|0|0.0|0|0.0|0.0|0.0| |1|EACH|0.0|5029|0|0.0|false|   |null|0|false|0|||true|0|0|false|false|0|1|false|0||0.0|1|true|0|0|0|0.0|0|false|false|0.0|0.0|EACH|1|EACH|0.0|3306|1||1||false|false|1.8||false|0||false|null|null|null|null|502905|5029|Fruit / Salad|1|0|0|0|1|0|null|13|0|0|false|5029|Perishables|13|1|9||0|0|0|0.0|0.0|1|0.0|0.0|3306|KRUIDENIERSWAREN L|EACH|EACH|1|false|2019-10-30 22:02:09.913|ADMIN|0.0|null|null|1|9|9% (1)|C000000016|false|366889|4|0.0|0|0|false|2.1|4|0.0|1|EACH||false|0.525|2.1|0.525|null|C000000016|Lekkerland Versdienst|false||||||EACH|EACH|1|EACH|EACH|1||null||0.0||0|0
0|C0000000207|705700|1.5|1|-D2GbPp Dlf Rijstenbroodje 80g|-D2GbPp Dlf Rijstenbroodje 80g||0|0|M|0|null|-D2GbPp Dlf Rijstenbroodje 80g|0|0.0|0|0.0|0.0|0.0| |1|EACH|0.0|5012|0|0.0|false|   |null|0|false|0|||true|0|0|false|false|0|1|false|0||0.0|1|true|0|0|0|0.0|0|false|false|0.0|0.0|EACH|1|EACH|1.5|3306|1||1||false|false|1.5||false|0||false|null|null|null|null|705700|5012|National Fast Food Products|1|0|0|0|1|0|0|13|0|0|false|5012|Food Service|13|1|9||0|0|0|0.0|0.0|1|0.0|0.0|3306|KRUIDENIERSWAREN L|EACH|EACH|1|false|2019-10-30 22:02:09.913|ADMIN|0.0|null|null|1|9|9% (1)|C000000016|false|371319|40|0.0|0|0|false|37.64|40|0.0|1|EACH||false|0.9410000000000001|37.64|0.9410000000000001|null|C000000016|Lekkerland Versdienst|false||||||EACH|EACH|1|EACH|EACH|1||null||0.0||0|0
0|C0000000234|502901|4.99|1|Beemster Jong Belegen Kaas Geneden 150g|Beemster Jong Belegen Kaas Geneden 150g||0|0|M|0|null|Beemster Jong Belegen Kaas Geneden 150g|0|0.0|0|0.0|0.0|0.0| |1|EACH|0.0|5029|0|0.0|false|   |null|0|false|0|||true|0|0|false|false|0|1|false|0||0.0|1|true|0|0|0|0.0|0|false|false|0.0|0.0|EACH|1|EACH|0.0|6006|1||1||false|false|4.99||false|0||false|null|null|null|null|502901|5029|Dairy|1|0|0|0|1|0|null|13|0|0|false|5029|Perishables|13|1|9||0|0|0|0.0|0.0|1|0.0|0.0|6006|SPECIALITEITEN L|EACH|EACH|1|false|2019-10-30 22:02:09.913|ADMIN|0.0|null|null|1|9|9% (1)|C000000016|false|378968|12|0.0|0|0|false|18.76|12|0.0|1|EACH||false|1.5633333333333335|18.76|1.5633333333333335|null|C000000016|Lekkerland Versdienst|false||||||EACH|EACH|1|EACH|EACH|1||null||0.0||0|0
0|C0000000246|502505|4.19|1|Inno Super Smoothie Energise 30cl|Inno Super Smoothie Energise 30cl||0|0|M|0|null|Inno Super Smoothie Energise 30cl|0|0.0|0|0.0|0.0|0.0| |1|EACH|0.0|5025|0|0.0|false|   |null|0|false|0|||true|0|0|false|false|0|1|false|0||0.0|1|true|0|0|0|0.0|0|false|false|0.0|0.0|EACH|1|EACH|0.0|6006|1||1||false|false|4.19||false|0||false|null|null|null|null|502505|5025|Juices|1|0|0|0|1|0|null|13|0|0|false|5025|Non Alcoholic Beverages|13|1|9||0|0|0|0.0|0.0|1|0.0|0.0|6006|SPECIALITEITEN L|EACH|EACH|1|false|2019-10-30 22:02:09.913|ADMIN|0.0|null|null|1|9|9% (1)|C000000016|false|373834|8|0.0|0|0|false|15.89|8|0.0|1|EACH||false|1.98625|15.89|1.98625|null|C000000016|Lekkerland Versdienst|false||||||EACH|EACH|1|EACH|EACH|1||null||0.0||0|0
0|C0000000255|502704|1.99|1|-Ola Lipton Green Ice Tea 10.5cl|-Ola Lipton Green Ice Tea 10.5cl||0|0|M|0|null|-Ola Lipton Green Ice Tea 10.5cl|0|0.0|0|0.0|0.0|0.0| |1|EACH|0.0|5027|0|0.0|false|   |null|0|false|0|||true|0|0|false|false|0|1|false|0||0.0|1|true|0|0|0|0.0|0|false|false|0.0|0.0|EACH|1|EACH|1.99|6006|1||1||false|false|1.99||false|0||false|null|null|null|null|502704|5027|Ice Cream|1|0|0|0|1|0|null|13|0|0|false|5027|Snacks|13|1|9||0|0|0|0.0|0.0|1|0.0|0.0|6006|SPECIALITEITEN L|EACH|EACH|1|false|2019-10-30 22:02:09.913|ADMIN|0.0|null|null|1|9|9% (1)|C000000016|false|321087|24|0.0|0|0|false|19.74|24|0.0|1|EACH||false|0.8224999999999999|19.74|0.8224999999999999|0|C000000016|Lekkerland Versdienst|false||||||EACH|EACH|1|EACH|EACH|1||null||0.0||0|0
0|C0000000316|502704|2.99|1|-Ola Magnum White Cookie 9cl|-Ola Magnum White Cookie 9cl||0|0|M|0|null|-Ola Magnum White Cookie 9cl|0|0.0|0|0.0|0.0|0.0| |1|EACH|0.0|5027|0|0.0|false|   |null|0|false|0|||true|0|0|false|false|0|1|false|0||0.0|1|true|0|0|0|0.0|0|false|false|0.0|0.0|EACH|1|EACH|0.0|3206|1||1||false|false|2.99||false|0||false|null|null|null|null|502704|5027|Ice Cream|1|0|0|0|1|0|null|13|0|0|false|5027|Snacks|13|1|9||0|0|0|0.0|0.0|1|0.0|0.0|3206|SNACKS L|EACH|EACH|1|false|2019-10-30 22:02:09.913|ADMIN|0.0|null|null|1|9|9% (1)|C000000016|false|343749|20|0.0|0|0|false|29.75|20|0.0|1|EACH||false|1.4875|29.75|1.4875|null|C000000016|Lekkerland Versdienst|false||||||EACH|EACH|1|EACH|EACH|1||null||0.0||0|0
0|C0000000318|502905|2.0|1|D2G Fruitbeker Watermeloen 100g|D2G Fruitbeker Watermeloen 100g||0|0|M|0|null|D2G Fruitbeker Watermeloen 100g|0|0.0|0|0.0|0.0|0.0| |1|EACH|0.0|5029|0|0.0|false|   |null|0|false|0|||true|0|0|false|false|0|1|false|0||0.0|1|true|0|0|0|0.0|0|false|false|0.0|0.0|EACH|1|EACH|0.0|3306|1||1||false|false|2.0||false|0||false|null|null|null|null|502905|5029|Fruit / Salad|1|0|0|0|1|0|null|13|0|0|false|5029|Perishables|13|1|9||0|0|0|0.0|0.0|1|0.0|0.0|3306|KRUIDENIERSWAREN L|EACH|EACH|1|false|2019-10-30 22:02:09.913|ADMIN|0.0|null|null|1|9|9% (1)|C000000016|false|349259|4|0.0|0|0|false|7.11|4|0.0|1|EACH||false|1.7775|7.11|1.7775|null|C000000016|Lekkerland Versdienst|false||||||EACH|EACH|1|EACH|EACH|1||null||0.0||0|0
0|C0000000323|502801|5.95|1|Oetker Pizza Casa 4 Formaggi 410g|Oetker Pizza Casa 4 Formaggi 410g||0|0|M|0|null|Oetker Pizza Casa 4 Formaggi 410g|0|0.0|0|0.0|0.0|0.0| |1|EACH|0.0|5028|0|0.0|false|   |null|0|false|0|||true|0|0|false|false|0|1|false|0||0.0|1|true|0|0|0|0.0|0|false|false|0.0|0.0|EACH|1|EACH|0.0|6006|1||1||false|false|5.95||false|0||false|null|null|null|null|502801|5028|Frozen Food|1|0|0|0|1|0|null|13|0|0|false|5028|Groceries|13|1|9||0|0|0|0.0|0.0|1|0.0|0.0|6006|SPECIALITEITEN L|EACH|EACH|1|false|2019-10-30 22:02:09.913|ADMIN|0.0|null|null|1|9|9% (1)|C000000016|false|336521|5|0.0|0|0|false|18.0|5|0.0|1|EACH||false|3.6|18.0|3.6|null|C000000016|Lekkerland Versdienst|false||||||EACH|EACH|1|EACH|EACH|1||null||0.0||0|0
0|C0000000356|502704|1.0|1|Ola Raket 5.5cl|Ola Raket 5.5cl||0|0|M|0|null|Ola Raket 5.5cl|0|0.0|0|0.0|0.0|0.0| |1|EACH|0.0|5027|0|0.0|false|   |null|0|false|0|||true|0|0|false|false|0|1|false|0||0.0|1|true|0|0|0|0.0|0|false|false|0.0|0.0|EACH|1|EACH|0.99|6006|1||1||false|false|1.0||false|0||false|null|null|null|null|502704|5027|Ice Cream|1|0|0|0|1|0|null|13|0|0|false|5027|Snacks|13|1|9||0|0|0|0.0|0.0|1|0.0|0.0|6006|SPECIALITEITEN L|EACH|EACH|1|false|2019-10-30 22:02:09.913|ADMIN|0.0|null|null|1|9|9% (1)|C000000016|false|317497|54|0.0|0|0|false|27.37|54|0.0|1|EACH||false|0.5068518518518519|27.37|0.5068518518518519|null|C000000016|Lekkerland Versdienst|false||||||EACH|EACH|1|EACH|EACH|1||null||0.0||0|0
0|C0000000376|502704|2.25|1|Ola Max Super Twister 11cl|Ola Max Super Twister 11cl||0|0|M|0|null|Ola Max Super Twister 11cl|0|0.0|0|0.0|0.0|0.0| |1|EACH|0.0|5027|0|0.0|false|   |null|0|false|0|||true|0|0|false|false|0|1|false|0||0.0|1|true|0|0|0|0.0|0|false|false|0.0|0.0|EACH|1|EACH|0.0|6006|1||1||false|false|2.25||false|0||false|null|null|null|null|502704|5027|Ice Cream|1|0|0|0|1|0|null|13|0|0|false|5027|Snacks|13|1|9||0|0|0|0.0|0.0|1|0.0|0.0|6006|SPECIALITEITEN L|EACH|EACH|1|false|2019-10-30 22:02:09.913|ADMIN|0.0|null|null|1|9|9% (1)|C000000016|false|325392|28|0.0|0|0|false|26.22|28|0.0|1|EACH||false|0.9364285714285714|26.22|0.9364285714285714|null|C000000016|Lekkerland Versdienst|false||||||EACH|EACH|1|EACH|EACH|1||null||0.0||0|0
0|C0000000385|502801|7.75|1|-B&J Chunky Monkey 465ml|-B&J Chunky Monkey 465ml||0|0|M|0|null|-B&J Chunky Monkey 465ml|0|0.0|0|0.0|0.0|0.0| |1|EACH|0.0|5028|0|0.0|false|   |null|0|false|0|||true|0|0|false|false|0|1|false|0||0.0|1|true|0|0|0|0.0|0|false|false|0.0|0.0|EACH|1|EACH|0.0|6006|1||1||false|false|7.75||false|0||false|null|null|null|null|502801|5028|Frozen Food|1|0|0|0|1|0|null|13|0|0|false|5028|Groceries|13|1|9||0|0|0|0.0|0.0|1|0.0|0.0|6006|SPECIALITEITEN L|EACH|EACH|1|false|2019-10-30 22:02:09.913|ADMIN|0.0|null|null|1|9|9% (1)|C000000016|false|388629|8|0.0|0|0|false|36.53|8|0.0|1|EACH||false|4.56625|36.53|4.56625|null|C000000016|Lekkerland Versdienst|false||||||EACH|EACH|1|EACH|EACH|1||null||0.0||0|0
0|C0000000392|502801|6.0|1|Oetker Pizza Big American Hawai 460g|Oetker Pizza Big American Hawai 460g||0|0|M|0|null|Oetker Pizza Big American Hawai 460g|0|0.0|0|0.0|0.0|0.0| |1|EACH|0.0|5028|0|0.0|false|   |null|0|false|0|||true|0|0|false|false|0|1|false|0||0.0|1|true|0|0|0|0.0|0|false|false|0.0|0.0|EACH|1|EACH|0.0|6006|1||1||false|false|6.0||false|0||false|null|null|null|null|502801|5028|Frozen Food|1|0|0|0|1|0|null|13|0|0|false|5028|Groceries|13|1|9||0|0|0|0.0|0.0|1|0.0|0.0|6006|SPECIALITEITEN L|EACH|EACH|1|false|2019-10-30 22:02:09.913|ADMIN|0.0|null|null|1|9|9% (1)|C000000016|false|308900d|5|0.0|0|0|false|14.77|5|0.0|1|EACH||false|2.9539999999999997|14.77|2.9539999999999997|null|C000000016|Lekkerland Versdienst|false||||||EACH|EACH|1|EACH|EACH|1||null||0.0||0|0
0|C0000000420|502801|3.4|1|BB Broodje Frikandel 155g|BB Broodje Frikandel 155g||0|0|M|0|null|Mora Broodje Frikand|0|0.0|0|0.0|0.0|0.0| |1|EACH|0.0|5028|0|0.0|false|   |null|0|false|0|||true|0|0|false|false|0|1|false|0||0.0|1|true|0|0|0|0.0|0|false|false|0.0|0.0|EACH|1|EACH|3.4|6006|1||1||false|false|3.4||false|0||false|null|null|null|null|502801|5028|Frozen Food|1|0|0|0|1|0|null|13|0|0|false|5028|Groceries|13|1|9||0|0|0|0.0|0.0|1|0.0|0.0|6006|SPECIALITEITEN L|EACH|EACH|1|false|2019-10-30 22:02:09.913|ADMIN|0.0|null|null|1|9|9% (1)|C000000016|false|333034|12|0.0|0|0|false|15.94|12|0.0|1|EACH||false|1.3283333333333334|15.94|1.3283333333333334|null|C000000016|Lekkerland Versdienst|false||||||EACH|EACH|1|EACH|EACH|1||null||0.0||0|0
0|C0000000439|502901|2.95|1|Starbucks Caramel Macchiato 22cl|Starbucks Caramel Macchiato 22cl||0|0|M|0|null|Starbucks Caramel Macchiato 22cl|0|0.0|0|0.0|0.0|0.0| |1|EACH|0.0|5029|0|0.0|false|   |null|0|false|0|||true|0|0|false|false|0|1|false|0||0.0|1|true|0|0|0|0.0|0|false|false|0.0|0.0|EACH|1|EACH|2.69|6006|1||1||false|false|2.95||false|0||false|null|null|null|null|502901|5029|Dairy|1|0|0|0|1|0|null|13|0|0|false|5029|Perishables|13|1|9||0|0|0|0.0|0.0|1|0.0|0.0|6006|SPECIALITEITEN L|EACH|EACH|1|false|2019-10-30 22:02:09.913|ADMIN|0.0|null|null|1|9|9% (1)|C000000016|false|302422|10|0.0|0|0|false|13.57|10|0.0|1|EACH||false|1.357|13.57|1.357|0|C000000016|Lekkerland Versdienst|false||||||EACH|EACH|1|EACH|EACH|1||null||0.0||0|0
0|C0000000473|502901|3.39|1|Koko Scharrelei 2st Mayo&Zout|Koko Scharrelei 2st Mayo&Zout||0|0|M|0|null|Koko Scharrelei 2st Mayo&Zout|0|0.0|0|0.0|0.0|0.0| |1|EACH|0.0|5029|0|0.0|false|   |null|0|false|0|||true|0|0|false|false|0|1|false|0||0.0|1|true|0|0|0|0.0|0|false|false|0.0|0.0|EACH|1|EACH|0.0|6006|1||1||false|false|3.39||false|0||false|null|null|null|null|502901|5029|Dairy|1|0|0|0|1|0|null|13|0|0|false|5029|Perishables|13|1|9||0|0|0|0.0|0.0|1|0.0|0.0|6006|SPECIALITEITEN L|EACH|EACH|1|false|2019-10-30 22:02:09.913|ADMIN|0.0|null|null|1|9|9% (1)|C000000016|false|373265|4|0.0|0|0|false|3.7|4|0.0|1|EACH||false|0.925|3.7|0.925|null|C000000016|Lekkerland Versdienst|false||||||EACH|EACH|1|EACH|EACH|1||null||0.0||0|0
0|C0000000491|501203|2.6|1|D2Gb&D2Gs&DbS Lieshout Frikandel Ov 85g|D2Gb&D2Gs&DbS Lieshout Frikandel Ov 85g||0|0|M|0|null|D2Gb&D2Gs&DbS Lieshout Frikandel Ov 85g|0|0.0|0|0.0|0.0|0.0| |1|EACH|0.0|5012|0|0.0|false|   |null|0|false|0|||true|0|0|false|false|0|1|false|0||0.0|1|true|0|0|0|0.0|0|false|false|0.0|0.0|EACH|1|EACH|2.5|6006|1||1||false|false|2.6||false|0||false|null|null|null|null|501203|5012|Other Food Service|1|0|0|0|1|0|null|13|0|0|false|5012|Food Service|13|1|9||0|0|0|0.0|0.0|1|0.0|0.0|6006|SPECIALITEITEN L|EACH|EACH|1|false|2019-10-30 22:02:09.913|ADMIN|0.0|null|null|1|9|9% (1)|C000000016|false|324035|40|0.0|0|0|false|21.64|40|0.0|1|EACH||false|0.541|21.64|0.541|null|C000000016|Lekkerland Versdienst|false||||||EACH|EACH|1|EACH|EACH|1||null||0.0||0|0
0|C0000000500|705700|2.25|1|-D2Gb&DbS Dlf Koffiebroodje 120g|-D2Gb&DbS Dlf Koffiebroodje 120g||0|0|M|0|null|-D2Gb&DbS Dlf Koffiebroodje 120g|0|0.0|0|0.0|0.0|0.0| |1|EACH|0.0|5012|0|0.0|false|   |null|0|false|0|||true|0|0|false|false|0|1|false|0||0.0|1|true|0|0|0|0.0|0|false|false|0.0|0.0|EACH|1|EACH|0.0|3306|1||1||false|false|2.25||false|0||false|null|null|null|null|705700|5012|National Fast Food Products|1|0|0|0|1|0|0|13|0|0|false|5012|Food Service|13|1|9||0|0|0|0.0|0.0|1|0.0|0.0|3306|KRUIDENIERSWAREN L|EACH|EACH|1|false|2019-10-30 22:02:09.913|ADMIN|0.0|null|null|1|9|9% (1)|C000000016|false|359572|40|0.0|0|0|false|23.28|40|0.0|1|EACH||false|0.5820000000000001|23.28|0.5820000000000001|null|C000000016|Lekkerland Versdienst|false||||||EACH|EACH|1|EACH|EACH|1||null||0.0||0|0
0|C0000000511|502905|1.8|1|FP Snoep Appeltjes Groen 120g|FP Snoep Appeltjes Groen 120g||0|0|M|0|null|FP Snoep Appeltjes Groen 120g|0|0.0|0|0.0|0.0|0.0| |1|EACH|0.0|5029|0|0.0|false|   |null|0|false|0|||true|0|0|false|false|0|1|false|0||0.0|1|true|0|0|0|0.0|0|false|false|0.0|0.0|EACH|1|EACH|0.0|3306|1||1||false|false|1.8||false|0||false|null|null|null|null|502905|5029|Fruit / Salad|1|0|0|0|1|0|null|13|0|0|false|5029|Perishables|13|1|9||0|0|0|0.0|0.0|1|0.0|0.0|3306|KRUIDENIERSWAREN L|EACH|EACH|1|false|2019-10-30 22:02:09.913|ADMIN|0.0|null|null|1|9|9% (1)|C000000016|false|366862|4|0.0|0|0|false|2.1|4|0.0|1|EACH||false|0.525|2.1|0.525|null|C000000016|Lekkerland Versdienst|false||||||EACH|EACH|1|EACH|EACH|1||null||0.0||0|0
0|C0000000518|705700|3.0|1|-DbS Bg Dubbel Donker Brood|-DbS Bg Dubbel Donker Brood||0|0|M|0|null|-DbS Bg Dubbel Donker Brood|0|0.0|0|0.0|0.0|0.0| |1|EACH|0.0|5012|0|0.0|false|   |null|0|false|0|||true|0|0|false|false|0|1|false|0||0.0|1|true|0|0|0|0.0|0|false|false|0.0|0.0|EACH|1|EACH|0.0|3206|1||1||false|false|3.0||false|0||false|null|null|null|null|705700|5012|National Fast Food Products|1|0|0|0|1|0|0|13|0|0|false|5012|Food Service|13|1|9||0|0|0|0.0|0.0|1|0.0|0.0|3206|SNACKS L|EACH|EACH|1|false|2019-10-30 22:02:09.913|ADMIN|0.0|null|null|1|9|9% (1)|C000000016|false|366765|12|0.0|0|0|false|19.82|12|0.0|1|EACH||false|1.6516666666666666|19.82|1.6516666666666666|null|C000000016|Lekkerland Versdienst|false||||||EACH|EACH|1|EACH|EACH|1||null||0.0||0|0
0|C0000000527|502903|3.69|1|Kipfilet HB 113g|Kipfilet HB 113g||0|0|M|0|null|Kipfilet HB 113g|0|0.0|0|0.0|0.0|0.0| |1|EACH|0.0|5029|0|0.0|false|   |null|0|false|0|||true|0|0|false|false|0|1|false|0||0.0|1|true|0|0|0|0.0|0|false|false|0.0|0.0|EACH|1|EACH|0.0|6006|1||1||false|false|3.69||false|0||false|null|null|null|null|502903|5029|Deli|1|0|0|0|1|0|null|13|0|0|false|5029|Perishables|13|1|9||0|0|0|0.0|0.0|1|0.0|0.0|6006|SPECIALITEITEN L|EACH|EACH|1|false|2019-10-30 22:02:09.913|ADMIN|0.0|null|null|1|9|9% (1)|C000000016|false|371947|1|0.0|0|0|false|1.62|1|0.0|1|EACH||false|1.62|1.62|1.62|null|C000000016|Lekkerland Versdienst|false||||||EACH|EACH|1|EACH|EACH|1||null||0.0||0|0
0|C0000000638|502901|2.95|1|Starbucks Latte 22cl|Starbucks Latte 22cl||0|0|M|0|null|Starbucks Latte 22cl|0|0.0|0|0.0|0.0|0.0| |1|EACH|0.0|5029|0|0.0|false|   |null|0|false|0|||true|0|0|false|false|0|1|false|0||0.0|1|true|0|0|0|0.0|0|false|false|0.0|0.0|EACH|1|EACH|2.69|3306|1||1||false|false|2.95||false|0||false|null|null|null|null|502901|5029|Dairy|1|0|0|0|1|0|null|13|0|0|false|5029|Perishables|13|1|9||0|0|0|0.0|0.0|1|0.0|0.0|3306|KRUIDENIERSWAREN L|EACH|EACH|1|false|2019-10-30 22:02:09.913|ADMIN|0.0|null|null|1|9|9% (1)|C000000016|false|302406|10|0.0|0|0|false|13.57|10|0.0|1|EACH||false|1.357|13.57|1.357|0|C000000016|Lekkerland Versdienst|false||||||EACH|EACH|1|EACH|EACH|1||null||0.0||0|0
0|C0000000665|502704|3.25|1|Ola Magnum Almond 12cl|Ola Magnum Almond 12cl||0|0|M|0|null|Ola Magnum Almond 12cl|0|0.0|0|0.0|0.0|0.0| |1|EACH|0.0|5027|0|0.0|false|   |null|0|false|0|||true|0|0|false|false|0|1|false|0||0.0|1|true|0|0|0|0.0|0|false|false|0.0|0.0|EACH|1|EACH|0.0|6006|1||1||false|false|3.25||false|0||false|null|null|null|null|502704|5027|Ice Cream|1|0|0|0|1|0|null|13|0|0|false|5027|Snacks|13|1|9||0|0|0|0.0|0.0|1|0.0|0.0|6006|SPECIALITEITEN L|EACH|EACH|1|false|2019-10-30 22:02:09.913|ADMIN|0.0|null|null|1|9|9% (1)|C000000016|false|305529|20|0.0|0|0|false|27.72|20|0.0|1|EACH||false|1.386|27.72|1.386|null|C000000016|Lekkerland Versdienst|false||||||EACH|EACH|1|EACH|EACH|1||null||0.0||0|0
0|C0000000696|502801|7.75|1|B&J Caramel Chew Chew 50cl|B&J Caramel Chew Chew 50cl||0|0|M|0|null|B&J Caramel Chew Chew 50cl|0|0.0|0|0.0|0.0|0.0| |1|EACH|0.0|5028|0|0.0|false|   |null|0|false|0|||true|0|0|false|false|0|1|false|0||0.0|1|true|0|0|0|0.0|0|false|false|0.0|0.0|EACH|1|EACH|7.75|6006|1||1||false|false|7.75||false|0||false|null|null|null|null|502801|5028|Frozen Food|1|0|0|0|1|0|null|13|0|0|false|5028|Groceries|13|1|9||0|0|0|0.0|0.0|1|0.0|0.0|6006|SPECIALITEITEN L|EACH|EACH|1|false|2019-10-30 22:02:09.913|ADMIN|0.0|null|null|1|9|9% (1)|C000000016|false|303437|8|0.0|0|0|false|36.53|8|0.0|1|EACH||false|4.56625|36.53|4.56625|null|C000000016|Lekkerland Versdienst|false||||||EACH|EACH|1|EACH|EACH|1||null||0.0||0|0
0|C0000000705|501201|1.5|1|Afbk&D2Gb&DbS Dlf Pistolet Wit 80g|Afbk&D2Gb&DbS Dlf Pistolet Wit 80g||0|0|M|0|null|Afbk&D2Gb&DbS Dlf Pistolet Wit 80g|0|0.0|0|0.0|0.0|0.0| |1|EACH|0.0|5012|0|0.0|false|   |null|0|false|0|||true|0|0|false|false|0|1|false|0||0.0|1|true|0|0|0|0.0|0|false|false|0.0|0.0|EACH|1|EACH|0.0|3206|1||1||false|false|1.5||false|0||false|null|null|null|null|501201|5012|Food Preparation On Site|1|0|0|0|1|0|null|13|0|0|false|5012|Food Service|13|1|9||0|0|0|0.0|0.0|1|0.0|0.0|3206|SNACKS L|EACH|EACH|1|false|2019-10-30 22:02:09.913|ADMIN|0.0|null|null|1|9|9% (1)|C000000016|false|309222|80|0.0|0|0|false|16.5|80|0.0|1|EACH||false|0.20625|16.5|0.20625|null|C000000016|Lekkerland Versdienst|false||||||EACH|EACH|1|EACH|EACH|1||null||0.0||0|0
0|C0000000720|502704|3.25|1|Ola Cornetto King Cone Vanille 26cl|Ola Cornetto King Cone Vanille 26cl||0|0|M|0|null|Ola Cornetto King Cone Vanille 26cl|0|0.0|0|0.0|0.0|0.0| |1|EACH|0.0|5027|0|0.0|false|   |null|0|false|0|||true|0|0|false|false|0|1|false|0||0.0|1|true|0|0|0|0.0|0|false|false|0.0|0.0|EACH|1|EACH|2.99|6006|1||1||false|false|3.25||false|0||false|null|null|null|null|502704|5027|Ice Cream|1|0|0|0|1|0|null|13|0|0|false|5027|Snacks|13|1|9||0|0|0|0.0|0.0|1|0.0|0.0|6006|SPECIALITEITEN L|EACH|EACH|1|false|2019-10-30 22:02:09.913|ADMIN|0.0|null|null|1|9|9% (1)|C000000016|false|334375|16|0.0|0|0|false|25.65|16|0.0|1|EACH||false|1.603125|25.65|1.603125|null|C000000016|Lekkerland Versdienst|false||||||EACH|EACH|1|EACH|EACH|1||null||0.0||0|0
0|C0000000733|502901|2.45|1|DE Ice Cappuccino Beker 23cl|DE Ice Cappuccino Beker 23cl||0|0|M|0|null|DE Ice Cappuccino Beker 23cl|0|0.0|0|0.0|0.0|0.0| |1|EACH|0.0|5029|0|0.0|false|   |null|0|false|0|||true|0|0|false|false|0|1|false|0||0.0|1|true|0|0|0|0.0|0|false|false|0.0|0.0|EACH|1|EACH|2.3|6006|1||1||false|false|2.45||false|0||false|null|null|null|null|502901|5029|Dairy|1|0|0|0|1|0|null|13|0|0|false|5029|Perishables|13|1|9||0|0|0|0.0|0.0|1|0.0|0.0|6006|SPECIALITEITEN L|EACH|EACH|1|false|2019-10-30 22:02:09.913|ADMIN|0.0|null|null|1|9|9% (1)|C000000016|false|308625|8|0.0|0|0|false|8.76|8|0.0|1|EACH||false|1.095|8.76|1.095|0|C000000016|Lekkerland Versdienst|false||||||EACH|EACH|1|EACH|EACH|1||null||0.0||0|0
0|C0000000741|502905|1.6|1|-Johma Huzarenslaatje 140g|-Johma Huzarenslaatje 140g||0|0|M|0|null|-Johma Huzarenslaatje 140g|0|0.0|0|0.0|0.0|0.0| |1|EACH|0.0|5029|0|0.0|false|   |null|0|false|0|||true|0|0|false|false|0|1|false|0||0.0|1|true|0|0|0|0.0|0|false|false|0.0|0.0|EACH|1|EACH|0.0|6006|1||1||false|false|1.6||false|0||false|null|null|null|null|502905|5029|Fruit / Salad|1|0|0|0|1|0|null|13|0|0|false|5029|Perishables|13|1|9||0|0|0|0.0|0.0|1|0.0|0.0|6006|SPECIALITEITEN L|EACH|EACH|1|false|2019-10-30 22:02:09.913|ADMIN|0.0|null|null|1|9|9% (1)|C000000016|false|302813|12|0.0|0|0|false|4.21|12|0.0|1|EACH||false|0.35083333333333333|4.21|0.35083333333333333|null|C000000016|Lekkerland Versdienst|false||||||EACH|EACH|1|EACH|EACH|1||null||0.0||0|0
0|C0000000743|705700|2.85|1|D2Gb&DbS&SCb SB Frikandelbroodje|D2Gb&DbS&SCb SB Frikandelbroodje||0|0|M|0|null|D2Gb&DbS&SCb SB Frikandelbroodje|0|0.0|0|0.0|0.0|0.0| |1|EACH|0.0|5012|0|0.0|false|   |null|0|false|0|||true|0|0|false|false|0|1|false|0||0.0|1|true|0|0|0|0.0|0|false|false|0.0|0.0|EACH|1|EACH|2.75|3206|1||1||false|false|2.85||false|0||false|null|null|null|null|705700|5012|National Fast Food Products|1|0|0|0|1|0|0|13|0|0|false|5012|Food Service|13|1|9||0|0|0|0.0|0.0|1|0.0|0.0|3206|SNACKS L|EACH|EACH|1|false|2019-10-30 22:02:09.913|ADMIN|0.0|null|null|1|9|9% (1)|C000000016|false|394777|42|0.0|0|0|false|28.03|42|0.0|1|EACH||false|0.6673809523809524|28.03|0.6673809523809524|null|C000000016|Lekkerland Versdienst|false||||||EACH|EACH|1|EACH|EACH|1||null||0.0||0|0
0|C0000000748|502905|2.2|1|-Johma Huzarensalade 175g|-Johma Huzarensalade 175g||0|0|M|0|null|-Johma Huzarensalade 175g|0|0.0|0|0.0|0.0|0.0| |1|EACH|0.0|5029|0|0.0|false|   |null|0|false|0|||true|0|0|false|false|0|1|false|0||0.0|1|true|0|0|0|0.0|0|false|false|0.0|0.0|EACH|1|EACH|2.2|3306|1||1||false|false|2.2||false|0||false|null|null|null|null|502905|5029|Fruit / Salad|1|0|0|0|1|0|null|13|0|0|false|5029|Perishables|13|1|9||0|0|0|0.0|0.0|1|0.0|0.0|3306|KRUIDENIERSWAREN L|EACH|EACH|1|false|2019-10-30 22:02:09.913|ADMIN|0.0|null|null|1|9|9% (1)|C000000016|false|306673|8|0.0|0|0|false|5.98|8|0.0|1|EACH||false|0.7475|5.98|0.7475|null|C000000016|Lekkerland Versdienst|false||||||EACH|EACH|1|EACH|EACH|1||null||0.0||0|0
0|C0000000764|502901|2.69|1|Zh Boern Muesli Naturel 170g|Zh Boern Muesli Naturel 170g||0|0|M|0|null|Zh Boern Muesli Naturel 170g|0|0.0|0|0.0|0.0|0.0| |1|EACH|0.0|5029|0|0.0|false|   |null|0|false|0|||true|0|0|false|false|0|1|false|0||0.0|1|true|0|0|0|0.0|0|false|false|0.0|0.0|EACH|1|EACH|2.69|3306|1||1||false|false|2.69||false|0||false|null|null|null|null|502901|5029|Dairy|1|0|0|0|1|0|null|13|0|0|false|5029|Perishables|13|1|9||0|0|0|0.0|0.0|1|0.0|0.0|3306|KRUIDENIERSWAREN L|EACH|EACH|1|false|2019-10-30 22:02:09.913|ADMIN|0.0|null|null|1|9|9% (1)|C000000016|false|341908|6|0.0|0|0|false|6.1|6|0.0|1|EACH||false|1.0166666666666666|6.1|1.0166666666666666|0|C000000016|Lekkerland Versdienst|false||||||EACH|EACH|1|EACH|EACH|1||null||0.0||0|0
0|C0000000765|705700|2.0|1|-D2G&DbS Dawn Amn Cookie Choco 76g|-D2G&DbS Dawn Amn Cookie Choco 76g||0|0|M|0|null|-D2G&DbS Dawn Amn Cookie Choco 76g|0|0.0|0|0.0|0.0|0.0| |1|EACH|0.0|5012|0|0.0|false|   |null|0|false|0|||true|0|0|false|false|0|1|false|0||0.0|1|true|0|0|0|0.0|0|false|false|0.0|0.0|EACH|1|EACH|1.75|3306|1||1||false|false|2.0||false|0||false|null|null|null|null|705700|5012|National Fast Food Products|1|0|0|0|1|0|0|13|0|0|false|5012|Food Service|13|1|9||0|0|0|0.0|0.0|1|0.0|0.0|3306|KRUIDENIERSWAREN L|EACH|EACH|1|false|2019-10-30 22:02:09.913|ADMIN|0.0|null|null|1|9|9% (1)|C000000016|false|394165|30|0.0|0|0|false|16.49|30|0.0|1|EACH||false|0.5496666666666666|16.49|0.5496666666666666|null|C000000016|Lekkerland Versdienst|false||||||EACH|EACH|1|EACH|EACH|1||null||0.0||0|0
0|C0000000768|502901|2.49|1|Ca Halfvolle Melk McPk 50cl|Ca Halfvolle Melk McPk 50cl||0|0|M|0|null|Ca Halfvolle Melk McPk 50cl|0|0.0|0|0.0|0.0|0.0| |1|EACH|0.0|5029|0|0.0|false|   |null|0|false|0|||true|0|0|false|false|0|1|false|0||0.0|1|true|0|0|0|0.0|0|false|false|0.0|0.0|EACH|1|EACH|0.0|3306|1||1||false|false|2.49||false|0||false|null|null|null|null|502901|5029|Dairy|1|0|0|0|1|0|null|13|0|0|false|5029|Perishables|13|1|9||0|0|0|0.0|0.0|1|0.0|0.0|3306|KRUIDENIERSWAREN L|EACH|EACH|1|false|2019-10-30 22:02:09.913|ADMIN|0.0|null|null|1|9|9% (1)|C000000016|false|301035|6|0.0|0|0|false|4.51|6|0.0|1|EACH||false|0.7516666666666666|4.51|0.7516666666666666|null|C000000016|Lekkerland Versdienst|false||||||EACH|EACH|1|EACH|EACH|1||null||0.0||0|0
0|C0000000773|502905|4.25|1|Johma Tonijn Salade 175g|Johma Tonijn Salade 175g||0|0|M|0|null|Johma Tonijn Salade 175g|0|0.0|0|0.0|0.0|0.0| |1|EACH|0.0|5029|0|0.0|false|   |null|0|false|0|||true|0|0|false|false|0|1|false|0||0.0|1|true|0|0|0|0.0|0|false|false|0.0|0.0|EACH|1|EACH|0.0|3306|1||1||false|false|4.25||false|0||false|null|null|null|null|502905|5029|Fruit / Salad|1|0|0|0|1|0|null|13|0|0|false|5029|Perishables|13|1|9||0|0|0|0.0|0.0|1|0.0|0.0|3306|KRUIDENIERSWAREN L|EACH|EACH|1|false|2019-10-30 22:02:09.913|ADMIN|0.0|null|null|1|9|9% (1)|C000000016|false|352896|1|0.0|0|0|false|2.13|1|0.0|1|EACH||false|2.13|2.13|2.13|null|C000000016|Lekkerland Versdienst|false||||||EACH|EACH|1|EACH|EACH|1||null||0.0||0|0
0|C0000000789|502901|2.49|1|Ca Vifit Aardbei Pk 50cl|Ca Vifit Aardbei Pk 50cl||0|0|M|0|null|Ca Vifit Aardbei Pk 50cl|0|0.0|0|0.0|0.0|0.0| |1|EACH|0.0|5029|0|0.0|false|   |null|0|false|0|||true|0|0|false|false|0|1|false|0||0.0|1|true|0|0|0|0.0|0|false|false|0.0|0.0|EACH|1|EACH|0.0|6006|1||1||false|false|2.49||false|0||false|null|null|null|null|502901|5029|Dairy|1|0|0|0|1|0|null|13|0|0|false|5029|Perishables|13|1|9||0|0|0|0.0|0.0|1|0.0|0.0|6006|SPECIALITEITEN L|EACH|EACH|1|false|2019-10-30 22:02:09.913|ADMIN|0.0|null|null|1|9|9% (1)|C000000016|false|306290|6|0.0|0|0|false|6.5|6|0.0|1|EACH||false|1.0833333333333333|6.5|1.0833333333333333|null|C000000016|Lekkerland Versdienst|false||||||EACH|EACH|1|EACH|EACH|1||null||0.0||0|0
0|C0000000813|502704|1.99|1|-Ola Calippo Bubble Gum 10.5cl|-Ola Calippo Bubble Gum 10.5cl||0|0|M|0|null|Ola Calippo Bubble G|0|0.0|0|0.0|0.0|0.0| |1|EACH|0.0|5027|0|0.0|false|   |null|0|false|0|||true|0|0|false|false|0|1|false|0||0.0|1|true|0|0|0|0.0|0|false|false|0.0|0.0|EACH|1|EACH|1.99|6006|1||1||false|false|1.99||false|0||false|null|null|null|null|502704|5027|Ice Cream|1|0|0|0|1|0|null|13|0|0|false|5027|Snacks|13|1|9||0|0|0|0.0|0.0|1|0.0|0.0|6006|SPECIALITEITEN L|EACH|EACH|1|false|2019-10-30 22:02:09.913|ADMIN|0.0|null|null|1|9|9% (1)|C000000016|false|356972|24|0.0|0|0|false|18.35|24|0.0|1|EACH||false|0.7645833333333334|18.35|0.7645833333333334|0|C000000016|Lekkerland Versdienst|false||||||EACH|EACH|1|EACH|EACH|1||null||0.0||0|0
0|C0000000926|502704|2.25|1|-Ola Cornetto Classico 120ml|-Ola Cornetto Classico 120ml||0|0|M|0|null|Cornetto Classico|0|0.0|0|0.0|0.0|0.0| |1|EACH|0.0|5027|0|0.0|false|   |null|0|false|0|||true|0|0|false|false|0|1|false|0||0.0|1|true|0|0|0|0.0|0|false|false|0.0|0.0|EACH|1|EACH|2.25|6006|1||1||false|false|2.25||false|0||false|null|null|null|null|502704|5027|Ice Cream|1|0|0|0|1|0|null|13|0|0|false|5027|Snacks|13|1|9||0|0|0|0.0|0.0|1|0.0|0.0|6006|SPECIALITEITEN L|EACH|EACH|1|false|2019-10-30 22:02:09.913|ADMIN|0.0|null|null|1|9|9% (1)|C000000016|false|343579|24|0.0|0|0|false|25.45|24|0.0|1|EACH||false|1.0604166666666666|25.45|1.0604166666666666|null|C000000016|Lekkerland Versdienst|false||||||EACH|EACH|1|EACH|EACH|1||null||0.0||0|0
0|C0000000928|501203|2.6|1|D2Gb&D2Gs&DbS Kipcrunch 5kg|D2Gb&D2Gs&DbS Kipcrunch 5kg||0|0|M|0|null|D2Gb&D2Gs&DbS Kipcrunch 5kg|0|0.0|0|0.0|0.0|0.0| |1|EACH|0.0|5012|0|0.0|false|   |null|0|false|0|||true|0|0|false|false|0|1|false|0||0.0|1|true|0|0|0|0.0|0|false|false|0.0|0.0|EACH|1|EACH|2.5|6006|1||1||false|false|2.6||false|0||false|null|null|null|null|501203|5012|Other Food Service|1|0|0|0|1|0|null|13|0|0|false|5012|Food Service|13|1|9||0|0|0|0.0|0.0|1|0.0|0.0|6006|SPECIALITEITEN L|EACH|EACH|1|false|2019-10-30 22:02:09.913|ADMIN|0.0|null|null|1|9|9% (1)|C000000016|false|332968|62|0.0|0|0|false|37.27|62|0.0|1|EACH||false|0.6011290322580646|37.27|0.6011290322580646|null|C000000016|Lekkerland Versdienst|false||||||EACH|EACH|1|EACH|EACH|1||null||0.0||0|0
0|C0000000994|502704|3.25|1|Ola Magnum Classic 12cl|Ola Magnum Classic 12cl||0|0|M|0|null|Ola Magnum Classic 12cl|0|0.0|0|0.0|0.0|0.0| |1|EACH|0.0|5027|0|0.0|false|   |null|0|false|0|||true|0|0|false|false|0|1|false|0||0.0|1|true|0|0|0|0.0|0|false|false|0.0|0.0|EACH|1|EACH|0.0|6006|1||1||false|false|3.25||false|0||false|null|null|null|null|502704|5027|Ice Cream|1|0|0|0|1|0|null|13|0|0|false|5027|Snacks|13|1|9||0|0|0|0.0|0.0|1|0.0|0.0|6006|SPECIALITEITEN L|EACH|EACH|1|false|2019-10-30 22:02:09.913|ADMIN|0.0|null|null|1|9|9% (1)|C000000016|false|305537|20|0.0|0|0|false|27.72|20|0.0|1|EACH||false|1.386|27.72|1.386|null|C000000016|Lekkerland Versdienst|false||||||EACH|EACH|1|EACH|EACH|1||null||0.0||0|0
0|C0000001025|502704|2.25|1|Ola Cornetto Aardbei 120ml|Ola Cornetto Aardbei 120ml||0|0|M|0|null|Ola Cornetto Aardbei 120ml|0|0.0|0|0.0|0.0|0.0| |1|EACH|0.0|5027|0|0.0|false|   |null|0|false|0|||true|0|0|false|false|0|1|false|0||0.0|1|true|0|0|0|0.0|0|false|false|0.0|0.0|EACH|1|EACH|0.0|6006|1||1||false|false|2.25||false|0||false|null|null|null|null|502704|5027|Ice Cream|1|0|0|0|1|0|null|13|0|0|false|5027|Snacks|13|1|9||0|0|0|0.0|0.0|1|0.0|0.0|6006|SPECIALITEITEN L|EACH|EACH|1|false|2019-10-30 22:02:09.913|ADMIN|0.0|null|null|1|9|9% (1)|C000000016|false|305413|24|0.0|0|0|false|25.74|24|0.0|1|EACH||false|1.0725|25.74|1.0725|null|C000000016|Lekkerland Versdienst|false||||||EACH|EACH|1|EACH|EACH|1||null||0.0||0|0
0|C0000001035|502801|4.95|1|Oetker Pizza Ristorante Funghi 365g|Oetker Pizza Ristorante Funghi 365g||0|0|M|0|null|Oetker Pizza Ristorante Funghi 365g|0|0.0|0|0.0|0.0|0.0| |1|EACH|0.0|5028|0|0.0|false|   |null|0|false|0|||true|0|0|false|false|0|1|false|0||0.0|1|true|0|0|0|0.0|0|false|false|0.0|0.0|EACH|1|EACH|0.0|6006|1||1||false|false|4.95||false|0||false|null|null|null|null|502801|5028|Frozen Food|1|0|0|0|1|0|null|13|0|0|false|5028|Groceries|13|1|9||0|0|0|0.0|0.0|1|0.0|0.0|6006|SPECIALITEITEN L|EACH|EACH|1|false|2019-10-30 22:02:09.913|ADMIN|0.0|null|null|1|9|9% (1)|C000000016|false|321273|7|0.0|0|0|false|20.96|7|0.0|1|EACH||false|2.994285714285714|20.96|2.994285714285714|null|C000000016|Lekkerland Versdienst|false||||||EACH|EACH|1|EACH|EACH|1||null||0.0||0|0
0|C0000001064|502901|2.49|1|Ca Optimel Framboos McPk 50cl|Ca Optimel Framboos McPk 50cl||0|0|M|0|null|Ca Optimel Framboos McPk 50cl|0|0.0|0|0.0|0.0|0.0| |1|EACH|0.0|5029|0|0.0|false|   |null|0|false|0|||true|0|0|false|false|0|1|false|0||0.0|1|true|0|0|0|0.0|0|false|false|0.0|0.0|EACH|1|EACH|0.0|6006|1||1||false|false|2.49||false|0||false|null|null|null|null|502901|5029|Dairy|1|0|0|0|1|0|null|13|0|0|false|5029|Perishables|13|1|9||0|0|0|0.0|0.0|1|0.0|0.0|6006|SPECIALITEITEN L|EACH|EACH|1|false|2019-10-30 22:02:09.913|ADMIN|0.0|null|null|1|9|9% (1)|C000000016|false|342343|6|0.0|0|0|false|5.58|6|0.0|1|EACH||false|0.93|5.58|0.93|null|C000000016|Lekkerland Versdienst|false||||||EACH|EACH|1|EACH|EACH|1||null||0.0||0|0
0|C0000001093|502901|1.95|1|-Ca Halfvolle Melk McPk 33cl|-Ca Halfvolle Melk McPk 33cl||0|0|M|0|null|-Ca Halfvolle Melk McPk 33cl|0|0.0|0|0.0|0.0|0.0| |1|EACH|0.0|5029|0|0.0|false|   |null|0|false|0|||true|0|0|false|false|0|1|false|0||0.0|1|true|0|0|0|0.0|0|false|false|0.0|0.0|EACH|1|EACH|0.0|3306|1||1||false|false|1.95||false|0||false|null|null|null|null|502901|5029|Dairy|1|0|0|0|1|0|null|13|0|0|false|5029|Perishables|13|1|9||0|0|0|0.0|0.0|1|0.0|0.0|3306|KRUIDENIERSWAREN L|EACH|EACH|1|false|2019-10-30 22:02:09.913|ADMIN|0.0|null|null|1|9|9% (1)|C000000016|false|343226|6|0.0|0|0|false|4.25|6|0.0|1|EACH||false|0.7083333333333334|4.25|0.7083333333333334|null|C000000016|Lekkerland Versdienst|false||||||EACH|EACH|1|EACH|EACH|1||null||0.0||0|0
0|C0000001100|502905|3.6|1|Johma Ei Salade VU 175g|Johma Ei Salade VU 175g||0|0|M|0|null|Johma Ei Salade VU 175g|0|0.0|0|0.0|0.0|0.0| |1|EACH|0.0|5029|0|0.0|false|   |null|0|false|0|||true|0|0|false|false|0|1|false|0||0.0|1|true|0|0|0|0.0|0|false|false|0.0|0.0|EACH|1|EACH|0.0|3306|1||1||false|false|3.6||false|0||false|null|null|null|null|502905|5029|Fruit / Salad|1|0|0|0|1|0|null|13|0|0|false|5029|Perishables|13|1|9||0|0|0|0.0|0.0|1|0.0|0.0|3306|KRUIDENIERSWAREN L|EACH|EACH|1|false|2019-10-30 22:02:09.913|ADMIN|0.0|null|null|1|9|9% (1)|C000000016|false|352861|1|0.0|0|0|false|1.82|1|0.0|1|EACH||false|1.82|1.82|1.82|null|C000000016|Lekkerland Versdienst|false||||||EACH|EACH|1|EACH|EACH|1||null||0.0||0|0
0|C0000001135|705700|1.75|1|-D2Gb&DbS&SbSs Dawn Cookie Oatmeal 76g|-D2Gb&DbS&SbSs Dawn Cookie Oatmeal 76g||0|0|M|0|null|-D2Gb&DbS&SbSs Dawn Cookie Oatmeal 76g|0|0.0|0|0.0|0.0|0.0| |1|EACH|0.0|5012|0|0.0|false|   |null|0|false|0|||true|0|0|false|false|0|1|false|0||0.0|1|true|0|0|0|0.0|0|false|false|0.0|0.0|EACH|1|EACH|0.0|3206|1||1||false|false|1.75||false|0||false|null|null|null|null|705700|5012|National Fast Food Products|1|0|0|0|1|0|0|13|0|0|false|5012|Food Service|13|1|9||0|0|0|0.0|0.0|1|0.0|0.0|3206|SNACKS L|EACH|EACH|1|false|2019-10-30 22:02:09.913|ADMIN|0.0|null|null|1|9|9% (1)|C000000016|false|394157|30|0.0|0|0|false|16.49|30|0.0|1|EACH||false|0.5496666666666666|16.49|0.5496666666666666|null|C000000016|Lekkerland Versdienst|false||||||EACH|EACH|1|EACH|EACH|1||null||0.0||0|0
0|C0000001147|501203|2.6|1|D2Gs&DbS DB Rundvleeskroket Oven 100g|D2Gs&DbS DB Rundvleeskroket Oven 100g||0|0|M|0|null|D2Gs&DbS DB Rundvleeskroket Oven 100g|0|0.0|0|0.0|0.0|0.0| |1|EACH|0.0|5012|0|0.0|false|   |null|0|false|0|||true|0|0|false|false|0|1|false|0||0.0|1|true|0|0|0|0.0|0|false|false|0.0|0.0|EACH|1|EACH|2.5|6006|1||1||false|false|2.6||false|0||false|null|null|null|null|501203|5012|Other Food Service|1|0|0|0|1|0|null|13|0|0|false|5012|Food Service|13|1|9||0|0|0|0.0|0.0|1|0.0|0.0|6006|SPECIALITEITEN L|EACH|EACH|1|false|2019-10-30 22:02:09.913|ADMIN|0.0|null|null|1|9|9% (1)|C000000016|false|357480|20|0.0|0|0|false|19.9|20|0.0|1|EACH||false|0.9949999999999999|19.9|0.9949999999999999|null|C000000016|Lekkerland Versdienst|false||||||EACH|EACH|1|EACH|EACH|1||null||0.0||0|0
